mun_id;drs_desc;mun_desc_sem_acentuacao;mun_desc;nome_fig;wiki;coordenadas;url_bandeira;prefeitura
3500105;DRS 09 - Marília;Adamantina;Adamantina;3500105_Adamantina;https://pt.wikipedia.org/wiki/Adamantina;-21.685, -51.072778;https://raw.githubusercontent.com/cristiano-silva-0182/bandeiras/main/3500105_Adamantina.jpg;
3500204;DRS 15 - São José do Rio Preto;Adolfo;Adolfo;3500204_Adolfo;https://pt.wikipedia.org/wiki/Adolfo_(S%C3%A3o_Paulo);-21.235, -49.643889;https://raw.githubusercontent.com/cristiano-silva-0182/bandeiras/main/3500204_Adolfo.jpg;
3500303;DRS 14 - São João da Boa Vista;Aguai;Aguaí;3500303_Aguaí;https://pt.wikipedia.org/wiki/Agua%C3%AD;-22.058889, -46.978889;https://raw.githubusercontent.com/cristiano-silva-0182/bandeiras/main/3500303_Aguai.png;
3500402;DRS 14 - São João da Boa Vista;Aguas da Prata;Águas da Prata;3500402_Águas da Prata;https://pt.wikipedia.org/wiki/%C3%81guas_da_Prata;-21.936944, -46.716944;https://raw.githubusercontent.com/cristiano-silva-0182/bandeiras/main/3500402_Águas da Prata.jpg;
3500501;DRS 07 - Campinas;Aguas de Lindoia;Águas de Lindóia;3500501_Águas de Lindóia;https://pt.wikipedia.org/wiki/%C3%81guas_de_Lind%C3%B3ia;-22.475833, -46.632778;https://raw.githubusercontent.com/cristiano-silva-0182/bandeiras/main/3500501_Águas de Lindóia.jpg;
3500550;DRS 06 - Bauru;Aguas de Santa Barbara;Águas de Santa Bárbara;3500550_Águas de Santa Bárbara;https://pt.wikipedia.org/wiki/%C3%81guas_de_Santa_B%C3%A1rbara;-22.880833, -49.238889;https://raw.githubusercontent.com/cristiano-silva-0182/bandeiras/main/3500550_Águas de Santa Bárbara.png;
3500600;DRS 10 - Piracicaba;Aguas de Sao Pedro;Águas de São Pedro;3500600_Águas de São Pedro;https://pt.wikipedia.org/wiki/%C3%81guas_de_S%C3%A3o_Pedro;-22.598889, -47.875833;https://raw.githubusercontent.com/cristiano-silva-0182/bandeiras/main/3500600_Águas de São Pedro.png;
3500709;DRS 06 - Bauru;Agudos;Agudos;3500709_Agudos;https://pt.wikipedia.org/wiki/Agudos;-22.468889, -48.987778;https://raw.githubusercontent.com/cristiano-silva-0182/bandeiras/main/3500709_Agudos.jpg;
3500758;DRS 16 - Sorocaba;Alambari;Alambari;3500758_Alambari;https://pt.wikipedia.org/wiki/Alambari;-23.550833, -47.898889;https://raw.githubusercontent.com/cristiano-silva-0182/bandeiras/main/3500758_Alambari.jpg;
3500808;DRS 11 - Presidente Prudente;Alfredo Marcondes;Alfredo Marcondes;3500808_Alfredo Marcondes;https://pt.wikipedia.org/wiki/Alfredo_Marcondes;-21.955, -51.412778;https://raw.githubusercontent.com/cristiano-silva-0182/bandeiras/main/3500808_Alfredo Marcondes.png;
3500907;DRS 05 - Barretos;Altair;Altair;3500907_Altair;https://pt.wikipedia.org/wiki/Altair_(S%C3%A3o_Paulo);-20.523889, -49.058889;https://raw.githubusercontent.com/cristiano-silva-0182/bandeiras/main/3500907_Altair.png;
3501004;DRS 13 - Ribeirão Preto;Altinopolis;Altinópolis;3501004_Altinópolis;https://pt.wikipedia.org/wiki/Altin%C3%B3polis;-21.025833, -47.373889;https://raw.githubusercontent.com/cristiano-silva-0182/bandeiras/main/3501004_Altinópolis.jpg;
3501103;DRS 02 - Araçatuba;Alto Alegre;Alto Alegre;3501103_Alto Alegre;https://pt.wikipedia.org/wiki/Alto_Alegre_(S%C3%A3o_Paulo);-21.580833, -50.163889;https://raw.githubusercontent.com/cristiano-silva-0182/bandeiras/main/3501103_Alto_Alegre.png;
3501152;DRS 16 - Sorocaba;Aluminio;Alumínio;3501152_Alumínio;https://pt.wikipedia.org/wiki/Alum%C3%ADnio_(S%C3%A3o_Paulo);-23.535, -47.261944;https://raw.githubusercontent.com/cristiano-silva-0182/bandeiras/main/3501152_Alumínio.png;
3501202;DRS 15 - São José do Rio Preto;Alvares Florence;Álvares Florence;3501202_Álvares Florence;https://pt.wikipedia.org/wiki/%C3%81lvares_Florence;-20.320833, -49.910833;https://raw.githubusercontent.com/cristiano-silva-0182/bandeiras/main/3501202_Álvares_Florence.png;
3501301;DRS 11 - Presidente Prudente;Alvares Machado;Álvares Machado;3501301_Álvares Machado;https://pt.wikipedia.org/wiki/%C3%81lvares_Machado;-22.078889, -51.471944;https://raw.githubusercontent.com/cristiano-silva-0182/bandeiras/main/3501301_Álvares Machado.jpg;
3501400;DRS 09 - Marília;Alvaro de Carvalho;Álvaro de Carvalho;3501400_Álvaro de Carvalho;https://pt.wikipedia.org/wiki/%C3%81lvaro_de_Carvalho;-22.088889, -49.718889;https://raw.githubusercontent.com/cristiano-silva-0182/bandeiras/main/3501400_Álvaro de Carvalho.png;
3501509;DRS 09 - Marília;Alvinlandia;Alvinlândia;3501509_Alvinlândia;https://pt.wikipedia.org/wiki/Alvinl%C3%A2ndia;-22.443889, -49.762778;https://raw.githubusercontent.com/cristiano-silva-0182/bandeiras/main/3501509_Alvinlandia.jpg;
3501608;DRS 07 - Campinas;Americana;Americana;3501608_Americana;https://pt.wikipedia.org/wiki/Americana;-22.738889, -47.330833;https://raw.githubusercontent.com/cristiano-silva-0182/bandeiras/main/3501608_Americana.png;
3501707;DRS 03 - Araraquara;Americo Brasiliense;Américo Brasiliense;3501707_Américo Brasiliense;https://pt.wikipedia.org/wiki/Am%C3%A9rico_Brasiliense;-21.723889, -48.101944;https://raw.githubusercontent.com/cristiano-silva-0182/bandeiras/main/3501707_Américo Brasiliense.jpg;
3501806;DRS 15 - São José do Rio Preto;Americo de Campos;Américo de Campos;3501806_Américo de Campos;https://pt.wikipedia.org/wiki/Am%C3%A9rico_de_Campos;-20.298889, -49.731944;https://raw.githubusercontent.com/cristiano-silva-0182/bandeiras/main/3501806_Américo de Campos.jpg;
3501905;DRS 07 - Campinas;Amparo;Amparo;3501905_Amparo;https://pt.wikipedia.org/wiki/Amparo_(S%C3%A3o_Paulo);-22.700833, -46.763889;https://raw.githubusercontent.com/cristiano-silva-0182/bandeiras/main/3501905_Amparo.jpg;
3502002;DRS 10 - Piracicaba;Analandia;Analândia;3502002_Analândia;https://pt.wikipedia.org/wiki/Anal%C3%A2ndia;-22.125833, -47.662778;https://raw.githubusercontent.com/cristiano-silva-0182/bandeiras/main/3502002_Analândia.jpg;
3502101;DRS 02 - Araçatuba;Andradina;Andradina;3502101_Andradina;https://pt.wikipedia.org/wiki/Andradina;-20.895833, -51.378889;https://raw.githubusercontent.com/cristiano-silva-0182/bandeiras/main/3502101_Andradina.png;
3502200;DRS 16 - Sorocaba;Angatuba;Angatuba;3502200_Angatuba;https://pt.wikipedia.org/wiki/Angatuba;-23.49, -48.412778;https://raw.githubusercontent.com/cristiano-silva-0182/bandeiras/main/3502200_Angatuba.jpg;
3502309;DRS 06 - Bauru;Anhembi;Anhembi;3502309_Anhembi;https://pt.wikipedia.org/wiki/Anhembi;-22.788889, -48.126944;https://raw.githubusercontent.com/cristiano-silva-0182/bandeiras/main/3502309_Anhembi.jpg;
3502408;DRS 11 - Presidente Prudente;Anhumas;Anhumas;3502408_Anhumas;https://pt.wikipedia.org/wiki/Anhumas;-22.295, -51.386944;https://raw.githubusercontent.com/cristiano-silva-0182/bandeiras/main/3502408_Anhumas.png;
3502507;DRS 17 - Taubaté;Aparecida;Aparecida;3502507_Aparecida;https://pt.wikipedia.org/wiki/Aparecida_(S%C3%A3o_Paulo);-22.846944, -45.23;https://raw.githubusercontent.com/cristiano-silva-0182/bandeiras/main/3502507_Aparecida.png;
3502606;DRS 15 - São José do Rio Preto;Aparecida d'Oeste;Aparecida d'Oeste;3502606_Aparecida d'Oeste;https://pt.wikipedia.org/wiki/Aparecida_d%27Oeste;-20.448889, -50.88;https://raw.githubusercontent.com/cristiano-silva-0182/bandeiras/main/3502606_Aparecida d'Oeste.JPG;
3502705;DRS 16 - Sorocaba;Apiai;Apiaí;3502705_Apiaí;https://pt.wikipedia.org/wiki/Apia%C3%AD;-24.508889, -48.842778;https://raw.githubusercontent.com/cristiano-silva-0182/bandeiras/main/3502705_Apiaí.JPG;
3502754;DRS 16 - Sorocaba;Aracariguama;Araçariguama;3502754_Araçariguama;https://pt.wikipedia.org/wiki/Ara%C3%A7ariguama;-23.438889, -47.060833;https://raw.githubusercontent.com/cristiano-silva-0182/bandeiras/main/3502754_Araçariguama.JPG;
3502804;DRS 02 - Araçatuba;Aracatuba;Araçatuba;3502804_Araçatuba;https://pt.wikipedia.org/wiki/Ara%C3%A7atuba;-21.208889, -50.432778;https://raw.githubusercontent.com/cristiano-silva-0182/bandeiras/main/3502754_Araçariguama.png;
3502903;DRS 16 - Sorocaba;Aracoiaba da Serra;Araçoiaba da Serra;3502903_Araçoiaba da Serra;https://pt.wikipedia.org/wiki/Ara%C3%A7oiaba_da_Serra;-23.505, -47.613889;https://raw.githubusercontent.com/cristiano-silva-0182/bandeiras/main/3502903_Araçoiaba da Serra.JPG;
3503000;DRS 08 - Franca;Aramina;Aramina;3503000_Aramina;https://pt.wikipedia.org/wiki/Aramina;-20.09, -47.785833;https://raw.githubusercontent.com/cristiano-silva-0182/bandeiras/main/3503000_Aramina.png;
3503109;DRS 06 - Bauru;Arandu;Arandu;3503109_Arandu;https://pt.wikipedia.org/wiki/Arandu;-23.133889, -49.053889;https://raw.githubusercontent.com/cristiano-silva-0182/bandeiras/main/3503109_Arandu.jpg;
3503158;DRS 17 - Taubaté;Arapei;Arapeí;3503158_Arapeí;https://pt.wikipedia.org/wiki/Arape%C3%AD;-22.673889, -44.447778;https://raw.githubusercontent.com/cristiano-silva-0182/bandeiras/main/3503158_Arapeí.JPG;
3503208;DRS 03 - Araraquara;Araraquara;Araraquara;3503208_Araraquara;https://pt.wikipedia.org/wiki/Araraquara;-21.793889, -48.175833;https://raw.githubusercontent.com/cristiano-silva-0182/bandeiras/main/3503208_Araraquara.png;
3503307;DRS 10 - Piracicaba;Araras;Araras;3503307_Araras;https://pt.wikipedia.org/wiki/Araras_(S%C3%A3o_Paulo);-22.356944, -47.383889;https://raw.githubusercontent.com/cristiano-silva-0182/bandeiras/main/3503307_Araras.png;
3503356;DRS 09 - Marília;Arco Iris;Arco-Íris;3503356_Arco-Íris;https://pt.wikipedia.org/wiki/Arco-%C3%8Dris_(S%C3%A3o_Paulo);-21.772778, -50.465;https://raw.githubusercontent.com/cristiano-silva-0182/bandeiras/main/3503356_Arco-Íris.jpg;
3503406;DRS 06 - Bauru;Arealva;Arealva;3503406_Arealva;https://pt.wikipedia.org/wiki/Arealva;-22.028889, -48.910833;https://raw.githubusercontent.com/cristiano-silva-0182/bandeiras/main/3503406_Arealva.png;
3503505;DRS 17 - Taubaté;Areias;Areias;3503505_Areias;https://pt.wikipedia.org/wiki/Areias_(S%C3%A3o_Paulo);-22.58, -44.696944;https://raw.githubusercontent.com/cristiano-silva-0182/bandeiras/main/3503505_Areias.JPG;
3503604;DRS 06 - Bauru;Areiopolis;Areiópolis;3503604_Areiópolis;https://pt.wikipedia.org/wiki/Arei%C3%B3polis;-22.667778, -48.665;https://raw.githubusercontent.com/cristiano-silva-0182/bandeiras/main/3503604_Areiópolis.png;
3503703;DRS 15 - São José do Rio Preto;Ariranha;Ariranha;3503703_Ariranha;https://pt.wikipedia.org/wiki/Ariranha_(S%C3%A3o_Paulo);-21.187778, -48.786944;https://raw.githubusercontent.com/cristiano-silva-0182/bandeiras/main/3503703_Ariranha.jpg;
3503802;DRS 07 - Campinas;Artur Nogueira;Artur Nogueira;3503802_Artur Nogueira;https://pt.wikipedia.org/wiki/Artur_Nogueira;-22.572778, -47.172778;https://raw.githubusercontent.com/cristiano-silva-0182/bandeiras/main/3503802_Artur Nogueira.jpg;
3503901;DRS 01 - Grande São Paulo;Aruja;Arujá;3503901_Arujá;https://pt.wikipedia.org/wiki/Aruj%C3%A1;-23.395833, -46.320833;https://raw.githubusercontent.com/cristiano-silva-0182/bandeiras/main/3503901_Arujá.gif;
3503950;DRS 15 - São José do Rio Preto;Aspasia;Aspásia;3503950_Aspásia;https://pt.wikipedia.org/wiki/Asp%C3%A1sia_(S%C3%A3o_Paulo);-20.158889, -50.732778;https://raw.githubusercontent.com/cristiano-silva-0182/bandeiras/main/3503950_Aspásia.png;
3504008;DRS 09 - Marília;Assis;Assis;3504008_Assis;https://pt.wikipedia.org/wiki/Assis_(S%C3%A3o_Paulo);-22.661944, -50.411944;https://raw.githubusercontent.com/cristiano-silva-0182/bandeiras/main/3504008_Assis.jpg;
3504107;DRS 07 - Campinas;Atibaia;Atibaia;3504107_Atibaia;https://pt.wikipedia.org/wiki/Atibaia;-23.116944, -46.55;https://raw.githubusercontent.com/cristiano-silva-0182/bandeiras/main/3504107_Atibaia.jpg;
3504206;DRS 02 - Araçatuba;Auriflama;Auriflama;3504206_Auriflama;https://pt.wikipedia.org/wiki/Auriflama;-20.685833, -50.555;https://raw.githubusercontent.com/cristiano-silva-0182/bandeiras/main/3504206_Auriflama.png;
3504305;DRS 06 - Bauru;Avai;Avaí;3504305_Avaí;https://pt.wikipedia.org/wiki/Ava%C3%AD_(S%C3%A3o_Paulo);-22.146944, -49.332778;https://raw.githubusercontent.com/cristiano-silva-0182/bandeiras/main/3504305_Avaí.png;
3504404;DRS 02 - Araçatuba;Avanhandava;Avanhandava;3504404_Avanhandava;https://pt.wikipedia.org/wiki/Avanhandava;-21.460833, -49.95;https://raw.githubusercontent.com/cristiano-silva-0182/bandeiras/main/3504404_Avanhandava.jpg;
3504503;DRS 06 - Bauru;Avare;Avaré;3504503_Avaré;https://pt.wikipedia.org/wiki/Avar%C3%A9;-23.098889, -48.925833;https://raw.githubusercontent.com/cristiano-silva-0182/bandeiras/main/3504503_Avaré.jpg;
3504602;DRS 15 - São José do Rio Preto;Bady Bassitt;Bady Bassitt;3504602_Bady Bassitt;https://pt.wikipedia.org/wiki/Bady_Bassitt;-20.917778, -49.445;https://raw.githubusercontent.com/cristiano-silva-0182/bandeiras/main/3504602_Bady Bassitt.png;
3504701;DRS 06 - Bauru;Balbinos;Balbinos;3504701_Balbinos;https://pt.wikipedia.org/wiki/Balbinos;-21.9, -49.356944;https://raw.githubusercontent.com/cristiano-silva-0182/bandeiras/main/3504701_Balbinos.png;
3504800;DRS 15 - São José do Rio Preto;Balsamo;Bálsamo;3504800_Bálsamo;https://pt.wikipedia.org/wiki/B%C3%A1lsamo_(S%C3%A3o_Paulo);-20.735, -49.583889;https://raw.githubusercontent.com/cristiano-silva-0182/bandeiras/main/3504800_Bálsamo.png;
3504909;DRS 17 - Taubaté;Bananal;Bananal;3504909_Bananal;https://pt.wikipedia.org/wiki/Bananal;-22.683889, -44.322778;https://raw.githubusercontent.com/cristiano-silva-0182/bandeiras/main/3504909_Bananal.png;
3505005;DRS 06 - Bauru;Barao de Antonina;Barão de Antonina;3505005_Barão de Antonina;https://pt.wikipedia.org/wiki/Bar%C3%A3o_de_Antonina;-23.626944, -49.560833;https://raw.githubusercontent.com/cristiano-silva-0182/bandeiras/main/3505005_Barão de Antonina.jpg;
3505104;DRS 02 - Araçatuba;Barbosa;Barbosa;3505104_Barbosa;https://pt.wikipedia.org/wiki/Barbosa_(S%C3%A3o_Paulo);-21.266944, -49.948889;https://raw.githubusercontent.com/cristiano-silva-0182/bandeiras/main/3505104_Barbosa.jpg;
3505203;DRS 06 - Bauru;Bariri;Bariri;3505203_Bariri;https://pt.wikipedia.org/wiki/Bariri;-22.073889, -48.74;https://raw.githubusercontent.com/cristiano-silva-0182/bandeiras/main/3505203_Bariri.JPG;
3505302;DRS 06 - Bauru;Barra Bonita;Barra Bonita;3505302_Barra Bonita;https://pt.wikipedia.org/wiki/Barra_Bonita_(S%C3%A3o_Paulo);-22.495, -48.557778;https://raw.githubusercontent.com/cristiano-silva-0182/bandeiras/main/3505302_Barra Bonita.png;
3505351;DRS 16 - Sorocaba;Barra do Chapeu;Barra do Chapéu;3505351_Barra do Chapéu;https://pt.wikipedia.org/wiki/Barra_do_Chap%C3%A9u;-24.472778, -49.025;https://raw.githubusercontent.com/cristiano-silva-0182/bandeiras/main/3505351_Barra do Chapéu.png;
3505401;DRS 12 - Registro;Barra do Turvo;Barra do Turvo;3505401_Barra do Turvo;https://pt.wikipedia.org/wiki/Barra_do_Turvo;-24.755833, -48.505;https://raw.githubusercontent.com/cristiano-silva-0182/bandeiras/main/3505401_Barra do Turvo.png;
3505500;DRS 05 - Barretos;Barretos;Barretos;3505500_Barretos;https://pt.wikipedia.org/wiki/Barretos;-20.556944, -48.567778;https://raw.githubusercontent.com/cristiano-silva-0182/bandeiras/main/3505500_Barretos.png;
3505609;DRS 13 - Ribeirão Preto;Barrinha;Barrinha;3505609_Barrinha;https://pt.wikipedia.org/wiki/Barrinha;-21.193889, -48.163889;https://raw.githubusercontent.com/cristiano-silva-0182/bandeiras/main/3505609_Barrinha.png;
3505708;DRS 01 - Grande São Paulo;Barueri;Barueri;3505708_Barueri;https://pt.wikipedia.org/wiki/Barueri;-23.510556, -46.909444;https://raw.githubusercontent.com/cristiano-silva-0182/bandeiras/main/3505708_Barueri.jpg;
3505807;DRS 09 - Marília;Bastos;Bastos;3505807_Bastos;https://pt.wikipedia.org/wiki/Bastos;-21.921944, -50.733889;https://raw.githubusercontent.com/cristiano-silva-0182/bandeiras/main/3505807_Bastos.png;
3505906;DRS 13 - Ribeirão Preto;Batatais;Batatais;3505906_Batatais;https://pt.wikipedia.org/wiki/Batatais;-20.890833, -47.585;https://raw.githubusercontent.com/cristiano-silva-0182/bandeiras/main/3505906_Batatais.png;
3506003;DRS 06 - Bauru;Bauru;Bauru;3506003_Bauru;https://pt.wikipedia.org/wiki/Bauru;-22.315, -49.060833;https://raw.githubusercontent.com/cristiano-silva-0182/bandeiras/main/3506003_Bauru.png;
3506102;DRS 05 - Barretos;Bebedouro;Bebedouro;3506102_Bebedouro;https://pt.wikipedia.org/wiki/Bebedouro_(S%C3%A3o_Paulo);-20.948889, -48.478889;https://raw.githubusercontent.com/cristiano-silva-0182/bandeiras/main/3506102_Bebedouro.jpg;
3506201;DRS 02 - Araçatuba;Bento de Abreu;Bento de Abreu;3506201_Bento de Abreu;https://pt.wikipedia.org/wiki/Bento_de_Abreu;-21.270833, -50.811944;https://raw.githubusercontent.com/cristiano-silva-0182/bandeiras/main/3506201_Bento de Abreu.png;
3506300;DRS 09 - Marília;Bernardino de Campos;Bernardino de Campos;3506300_Bernardino de Campos;https://pt.wikipedia.org/wiki/Bernardino_de_Campos;-23.012778, -49.473889;https://raw.githubusercontent.com/cristiano-silva-0182/bandeiras/main/3506300_Bernardino de Campos.jpg;
3506359;DRS 04 - Baixada Santista;Bertioga;Bertioga;3506359_Bertioga;https://pt.wikipedia.org/wiki/Bertioga;-23.853889, -46.138889;https://raw.githubusercontent.com/cristiano-silva-0182/bandeiras/main/3506359_Bertioga.jpg;http://www.bertioga.sp.gov.br/
3506409;DRS 02 - Araçatuba;Bilac;Bilac;3506409_Bilac;https://pt.wikipedia.org/wiki/Bilac;-21.402778, -50.470833;https://raw.githubusercontent.com/cristiano-silva-0182/bandeiras/main/3506409_Bilac.png;http://bilac.sp.gov.br/site/
3506508;DRS 02 - Araçatuba;Birigui;Birigui;3506508_Birigui;https://pt.wikipedia.org/wiki/Birigui;-21.288889, -50.34;https://raw.githubusercontent.com/cristiano-silva-0182/bandeiras/main/3506508_Birigui.png;http://www.birigui.sp.gov.br/birigui/home.php
3506607;DRS 01 - Grande São Paulo;Biritiba Mirim;Biritiba Mirim;3506607_Biritiba Mirim;https://pt.wikipedia.org/wiki/Biritiba_Mirim;-23.572778, -46.038889;https://raw.githubusercontent.com/cristiano-silva-0182/bandeiras/main/3506607_Biritiba Mirim.png;http://biritibamirim.sp.gov.br/index.php
3506706;DRS 03 - Araraquara;Boa Esperanca do Sul;Boa Esperança do Sul;3506706_Boa Esperança do Sul;https://pt.wikipedia.org/wiki/Boa_Esperan%C3%A7a_do_Sul;-21.992778, -48.390833;https://raw.githubusercontent.com/cristiano-silva-0182/bandeiras/main/3506706_Boa Esperança do Sul.jpg;https://www.boaesperanca.sp.gov.br/
3506805;DRS 06 - Bauru;Bocaina;Bocaina;3506805_Bocaina;https://pt.wikipedia.org/wiki/Bocaina_(S%C3%A3o_Paulo);-22.135833, -48.517778;https://raw.githubusercontent.com/cristiano-silva-0182/bandeiras/main/3506805_Bocaina.png;http://www.bocaina.sp.gov.br/
3506904;DRS 06 - Bauru;Bofete;Bofete;3506904_Bofete;https://pt.wikipedia.org/wiki/Bofete;-23.101944, -48.257778;https://raw.githubusercontent.com/cristiano-silva-0182/bandeiras/main/3506904_Bofete.png;https://bofete.sp.gov.br/
3507001;DRS 16 - Sorocaba;Boituva;Boituva;3507001_Boituva;https://pt.wikipedia.org/wiki/Boituva;-23.282778, -47.671944;https://raw.githubusercontent.com/cristiano-silva-0182/bandeiras/main/3507001_Boituva.png;https://www.boituva.sp.gov.br/
3507100;DRS 07 - Campinas;Bom Jesus dos Perdoes;Bom Jesus dos Perdões;3507100_Bom Jesus dos Perdões;https://pt.wikipedia.org/wiki/Bom_Jesus_dos_Perd%C3%B5es;-23.135, -46.465;https://raw.githubusercontent.com/cristiano-silva-0182/bandeiras/main/3507100_Bom Jesus dos Perdões.png;https://www.bjperdoes.sp.gov.br/
3507159;DRS 16 - Sorocaba;Bom Sucesso de Itarare;Bom Sucesso de Itararé;3507159_Bom Sucesso de Itararé;https://pt.wikipedia.org/wiki/Bom_Sucesso_de_Itarar%C3%A9;-24.317778, -49.143889;https://raw.githubusercontent.com/cristiano-silva-0182/bandeiras/main/3507159_Bom Sucesso de Itararé.png;https://bomsucessoitarare.sp.gov.br/
3507209;DRS 09 - Marília;Bora;Borá;3507209_Borá;https://pt.wikipedia.org/wiki/Bor%C3%A1;-22.27, -50.533889;https://raw.githubusercontent.com/cristiano-silva-0182/bandeiras/main/3507209_Borá.jpg;https://www.bora.sp.gov.br/
3507308;DRS 06 - Bauru;Boraceia;Boracéia;3507308_Boracéia;https://pt.wikipedia.org/wiki/Boraceia;-22.192778, -48.778889;https://raw.githubusercontent.com/cristiano-silva-0182/bandeiras/main/3507308_Boracéia.png;https://www.boraceia.sp.gov.br/
3507407;DRS 03 - Araraquara;Borborema;Borborema;3507407_Borborema;https://pt.wikipedia.org/wiki/Borborema_(S%C3%A3o_Paulo);21.62, -49.073889;https://raw.githubusercontent.com/cristiano-silva-0182/bandeiras/main/3507407_Borborema.png;https://www.borborema.sp.gov.br/
3507456;DRS 06 - Bauru;Borebi;Borebi;3507456_Borebi;https://pt.wikipedia.org/wiki/Borebi;-22.568889, -48.970833;https://raw.githubusercontent.com/cristiano-silva-0182/bandeiras/main/3507456_Borebi.jpg;https://www.borebi.sp.gov.br/
3507506;DRS 06 - Bauru;Botucatu;Botucatu;3507506_Botucatu;https://pt.wikipedia.org/wiki/Botucatu;-22.885833, -48.445;https://raw.githubusercontent.com/cristiano-silva-0182/bandeiras/main/3507506_Botucatu.png;https://www.botucatu.sp.gov.br/
3507605;DRS 07 - Campinas;Braganca Paulista;Bragança Paulista;3507605_Bragança Paulista;https://pt.wikipedia.org/wiki/Bragan%C3%A7a_Paulista;-22.951944, -46.541944;https://raw.githubusercontent.com/cristiano-silva-0182/bandeiras/main/3507605_Bragança Paulista.JPG;https://www.braganca.sp.gov.br/
3507704;DRS 02 - Araçatuba;Brauna;Braúna;3507704_Braúna;https://pt.wikipedia.org/wiki/Bra%C3%BAna_(S%C3%A3o_Paulo);-21.498889, -50.315833;https://raw.githubusercontent.com/cristiano-silva-0182/bandeiras/main/3507704_Braúna.png;https://www.brauna.sp.gov.br/
3507753;DRS 02 - Araçatuba;Brejo Alegre;Brejo Alegre;3507753_Brejo Alegre;https://pt.wikipedia.org/wiki/Brejo_Alegre;-21.165833, -50.185;https://raw.githubusercontent.com/cristiano-silva-0182/bandeiras/main/3507753_Brejo Alegre.png;https://www.brejoalegre.sp.gov.br/
3507803;DRS 13 - Ribeirão Preto;Brodowski;Brodowski;3507803_Brodowski;https://pt.wikipedia.org/wiki/Brodowski;-20.990833, -47.658889;https://raw.githubusercontent.com/cristiano-silva-0182/bandeiras/main/3507803_Brodowski.png;http://brodowski.sp.gov.br/novo/
3507902;DRS 06 - Bauru;Brotas;Brotas;3507902_Brotas;https://pt.wikipedia.org/wiki/Brotas_(S%C3%A3o_Paulo);-22.283889, -48.126944;https://raw.githubusercontent.com/cristiano-silva-0182/bandeiras/main/3507902_Brotas.png;https://brotas.sp.gov.br/
3508009;DRS 16 - Sorocaba;Buri;Buri;3508009_Buri;https://pt.wikipedia.org/wiki/Buri;-23.797778, -48.592778;https://raw.githubusercontent.com/cristiano-silva-0182/bandeiras/main/3508009_Buri.jpg;https://www.buri.sp.gov.br/
3508108;DRS 02 - Araçatuba;Buritama;Buritama;3508108_Buritama;https://pt.wikipedia.org/wiki/Buritama;-21.065833, -50.146944;https://raw.githubusercontent.com/cristiano-silva-0182/bandeiras/main/3508108_Buritama.png;https://www.buritama.sp.gov.br/
3508207;DRS 08 - Franca;Buritizal;Buritizal;3508207_Buritizal;https://pt.wikipedia.org/wiki/Buritizal;-20.190833, -47.707778;https://raw.githubusercontent.com/cristiano-silva-0182/bandeiras/main/3508207_Buritizal.png;https://www.buritizal.sp.gov.br/index.jsf
3508306;DRS 06 - Bauru;Cabralia Paulista;Cabrália Paulista;3508306_Cabrália Paulista;https://pt.wikipedia.org/wiki/Cabr%C3%A1lia_Paulista;-22.455833, -49.337778;;https://www.cabralia.sp.gov.br/
3508405;DRS 07 - Campinas;Cabreuva;Cabreúva;3508405_Cabreúva;https://pt.wikipedia.org/wiki/Cabre%C3%BAva_(S%C3%A3o_Paulo);-23.307778, -47.132778;;https://www.cabreuva.sp.gov.br/
3508504;DRS 17 - Taubaté;Cacapava;Caçapava;3508504_Caçapava;https://pt.wikipedia.org/wiki/Ca%C3%A7apava;-23.100833, -45.706944;;https://www.cacapava.sp.gov.br/
3508603;DRS 17 - Taubaté;Cachoeira Paulista;Cachoeira Paulista;3508603_Cachoeira Paulista;https://pt.wikipedia.org/wiki/Cachoeira_Paulista;-22.665, -45.008889;;http://www.cachoeirapaulista.sp.gov.br/
3508702;DRS 14 - São João da Boa Vista;Caconde;Caconde;3508702_Caconde;https://pt.wikipedia.org/wiki/Caconde;-21.528889, -46.643889;;https://caconde.sp.gov.br/
3508801;DRS 06 - Bauru;Cafelandia;Cafelândia;3508801_Cafelândia;https://pt.wikipedia.org/wiki/Cafel%C3%A2ndia_(S%C3%A3o_Paulo);-21.802778, -49.61;;https://www.cafelandia.sp.gov.br/
3508900;DRS 11 - Presidente Prudente;Caiabu;Caiabu;3508900_Caiabu;https://pt.wikipedia.org/wiki/Caiabu;-22.011944, -51.235833;;http://www.caiabu.sp.gov.br/
3509007;DRS 01 - Grande São Paulo;Caieiras;Caieiras;3509007_Caieiras;https://pt.wikipedia.org/wiki/Caieiras;-23.363889, -46.740833;;https://caieiras.sp.gov.br/
3509106;DRS 11 - Presidente Prudente;Caiua;Caiuá;3509106_Caiuá;https://pt.wikipedia.org/wiki/Caiu%C3%A1;-21.831944, -51.997778;;https://www.caiua.sp.gov.br/
3509205;DRS 01 - Grande São Paulo;Cajamar;Cajamar;3509205_Cajamar;https://pt.wikipedia.org/wiki/Cajamar;-23.355833, -46.876944;;https://cajamar.sp.gov.br/
3509254;DRS 12 - Registro;Cajati;Cajati;3509254_Cajati;https://pt.wikipedia.org/wiki/Cajati_(S%C3%A3o_Paulo);-24.735833, -48.122778;;https://www.cajati.sp.gov.br/
3509304;DRS 05 - Barretos;Cajobi;Cajobi;3509304_Cajobi;https://pt.wikipedia.org/wiki/Cajobi;-20.88, -48.808889;;https://www.cajobi.sp.gov.br/
3509403;DRS 13 - Ribeirão Preto;Cajuru;Cajuru;3509403_Cajuru;https://pt.wikipedia.org/wiki/Cajuru;-21.275, -47.303889;;https://cajuru.sp.gov.br/
3509452;DRS 16 - Sorocaba;Campina do Monte Alegre;Campina do Monte Alegre;3509452_Campina do Monte Alegre;https://pt.wikipedia.org/wiki/Campina_do_Monte_Alegre;-23.591944, -48.476944;;https://www.campinadomontealegre.sp.gov.br/
3509502;DRS 07 - Campinas;Campinas;Campinas;3509502_Campinas;https://pt.wikipedia.org/wiki/Campinas;-22.905833, -47.060833;;http://www.campinas.sp.gov.br/
3509601;DRS 07 - Campinas;Campo Limpo Paulista;Campo Limpo Paulista;3509601_Campo Limpo Paulista;https://pt.wikipedia.org/wiki/Campo_Limpo_Paulista;-23.205833, -46.783889;;http://www.campolimpopaulista.sp.gov.br/
3509700;DRS 17 - Taubaté;Campos do Jordao;Campos do Jordão;3509700_Campos do Jordão;https://pt.wikipedia.org/wiki/Campos_do_Jord%C3%A3o;-22.738889, -45.590833;;http://www.camposdojordao.sp.gov.br/
3509809;DRS 09 - Marília;Campos Novos Paulista;Campos Novos Paulista;3509809_Campos Novos Paulista;https://pt.wikipedia.org/wiki/Campos_Novos_Paulista;-22.602778, -50.002778;;https://www.camposnovospaulista.sp.gov.br/
3509908;DRS 12 - Registro;Cananeia;Cananéia;3509908_Cananéia;https://pt.wikipedia.org/wiki/Canan%C3%A9ia;-25.015, -47.926944;;https://www.cananeia.sp.gov.br/
3509957;DRS 17 - Taubaté;Canas;Canas;3509957_Canas;https://pt.wikipedia.org/wiki/Canas;-22.703889, -45.055;;http://www.canas.sp.gov.br/?p=mnnu/cid_Simbolos
3510005;DRS 09 - Marília;Candido Mota;Cândido Mota;3510005_Cândido Mota;https://pt.wikipedia.org/wiki/C%C3%A2ndido_Mota;-22.745833, -50.386944;;
3510104;DRS 03 - Araraquara;Candido Rodrigues;Cândido Rodrigues;3510104_Cândido Rodrigues;https://pt.wikipedia.org/wiki/C%C3%A2ndido_Rodrigues;-21.325, -48.630833;;
3510153;DRS 09 - Marília;Canitar;Canitar;3510153_Canitar;;;;
3510203;DRS 16 - Sorocaba;Capao Bonito;Capão Bonito;3510203_Capão Bonito;;;;
3510302;DRS 16 - Sorocaba;Capela do Alto;Capela do Alto;3510302_Capela do Alto;;;;
3510401;DRS 10 - Piracicaba;Capivari;Capivari;3510401_Capivari;;;;
3510500;DRS 17 - Taubaté;Caraguatatuba;Caraguatatuba;3510500_Caraguatatuba;;;;
3510609;DRS 01 - Grande São Paulo;Carapicuiba;Carapicuíba;3510609_Carapicuíba;;;;
3510708;DRS 15 - São José do Rio Preto;Cardoso;Cardoso;3510708_Cardoso;;;;
3510807;DRS 14 - São João da Boa Vista;Casa Branca;Casa Branca;3510807_Casa Branca;;;;
3510906;DRS 13 - Ribeirão Preto;Cassia dos Coqueiros;Cássia dos Coqueiros;3510906_Cássia dos Coqueiros;;;;
3511003;DRS 02 - Araçatuba;Castilho;Castilho;3511003_Castilho;;;;
3511102;DRS 15 - São José do Rio Preto;Catanduva;Catanduva;3511102_Catanduva;;;;
3511201;DRS 15 - São José do Rio Preto;Catigua;Catiguá;3511201_Catiguá;;;;
3511300;DRS 15 - São José do Rio Preto;Cedral;Cedral;3511300_Cedral;;;;
3511409;DRS 06 - Bauru;Cerqueira Cesar;Cerqueira César;3511409_Cerqueira César;;;;
3511508;DRS 16 - Sorocaba;Cerquilho;Cerquilho;3511508_Cerquilho;;;;
3511607;DRS 16 - Sorocaba;Cesario Lange;Cesário Lange;3511607_Cesário Lange;;;;
3511706;DRS 10 - Piracicaba;Charqueada;Charqueada;3511706_Charqueada;;;;
3557204;DRS 09 - Marília;Chavantes;Chavantes;3557204_Chavantes;;;;
3511904;DRS 02 - Araçatuba;Clementina;Clementina;3511904_Clementina;;;;
3512001;DRS 05 - Barretos;Colina;Colina;3512001_Colina;;;;
3512100;DRS 05 - Barretos;Colombia;Colômbia;3512100_Colômbia;;;;
3512209;DRS 10 - Piracicaba;Conchal;Conchal;3512209_Conchal;;;;
3512308;DRS 06 - Bauru;Conchas;Conchas;3512308_Conchas;;;;
3512407;DRS 10 - Piracicaba;Cordeiropolis;Cordeirópolis;3512407_Cordeirópolis;;;;
3512506;DRS 02 - Araçatuba;Coroados;Coroados;3512506_Coroados;;;;
3512605;DRS 06 - Bauru;Coronel Macedo;Coronel Macedo;3512605_Coronel Macedo;;;;
3512704;DRS 10 - Piracicaba;Corumbatai;Corumbataí;3512704_Corumbataí;;;;
3512803;DRS 07 - Campinas;Cosmopolis;Cosmópolis;3512803_Cosmópolis;;;;
3512902;DRS 15 - São José do Rio Preto;Cosmorama;Cosmorama;3512902_Cosmorama;;;;
3513009;DRS 01 - Grande São Paulo;Cotia;Cotia;3513009_Cotia;;;;
3513108;DRS 13 - Ribeirão Preto;Cravinhos;Cravinhos;3513108_Cravinhos;;;;
3513207;DRS 08 - Franca;Cristais Paulista;Cristais Paulista;3513207_Cristais Paulista;;;;
3513306;DRS 09 - Marília;Cruzalia;Cruzália;3513306_Cruzália;;;;
3513405;DRS 17 - Taubaté;Cruzeiro;Cruzeiro;3513405_Cruzeiro;;;;
3513504;DRS 04 - Baixada Santista;Cubatao;Cubatão;3513504_Cubatão;;;;
3513603;DRS 17 - Taubaté;Cunha;Cunha;3513603_Cunha;;;;
3513702;DRS 03 - Araraquara;Descalvado;Descalvado;3513702_Descalvado;;;;
3513801;DRS 01 - Grande São Paulo;Diadema;Diadema;3513801_Diadema;;;;
3513850;DRS 15 - São José do Rio Preto;Dirce Reis;Dirce Reis;3513850_Dirce Reis;;;;
3513900;DRS 14 - São João da Boa Vista;Divinolandia;Divinolândia;3513900_Divinolândia;;;;
3514007;DRS 03 - Araraquara;Dobrada;Dobrada;3514007_Dobrada;;;;
3514106;DRS 06 - Bauru;Dois Corregos;Dois Córregos;3514106_Dois Córregos;;;;
3514205;DRS 15 - São José do Rio Preto;Dolcinopolis;Dolcinópolis;3514205_Dolcinópolis;;;;
3514304;DRS 03 - Araraquara;Dourado;Dourado;3514304_Dourado;;;;
3514403;DRS 11 - Presidente Prudente;Dracena;Dracena;3514403_Dracena;;;;
3514502;DRS 06 - Bauru;Duartina;Duartina;3514502_Duartina;;;;
3514601;DRS 13 - Ribeirão Preto;Dumont;Dumont;3514601_Dumont;;;;
3514700;DRS 09 - Marília;Echapora;Echaporã;3514700_Echaporã;;;;
3514809;DRS 12 - Registro;Eldorado;Eldorado;3514809_Eldorado;;;;
3514908;DRS 10 - Piracicaba;Elias Fausto;Elias Fausto;3514908_Elias Fausto;;;;
3514924;DRS 15 - São José do Rio Preto;Elisiario;Elisiário;3514924_Elisiário;;;;
3514957;DRS 15 - São José do Rio Preto;Embauba;Embaúba;3514957_Embaúba;;;;
3515004;DRS 01 - Grande São Paulo;Embu das Artes;Embu das Artes;3515004_Embu das Artes;;;;
3515103;DRS 01 - Grande São Paulo;Embu Guacu;Embu-Guaçu;3515103_Embu-Guaçu;;;;
3515129;DRS 11 - Presidente Prudente;Emilianopolis;Emilianópolis;3515129_Emilianópolis;;;;
3515152;DRS 10 - Piracicaba;Engenheiro Coelho;Engenheiro Coelho;3515152_Engenheiro Coelho;;;;
3515186;DRS 14 - São João da Boa Vista;Espirito Santo do Pinhal;Espírito Santo do Pinhal;3515186_Espírito Santo do Pinhal;;;;
3515194;DRS 09 - Marília;Espirito Santo do Turvo;Espírito Santo do Turvo;3515194_Espírito Santo do Turvo;;;;
3557303;DRS 14 - São João da Boa Vista;Estiva Gerbi;Estiva Gerbi;3557303_Estiva Gerbi;;;;
3515202;DRS 15 - São José do Rio Preto;Estrela d'Oeste;Estrela d'Oeste;3515202_Estrela d'Oeste;;;;
3515301;DRS 11 - Presidente Prudente;Estrela do Norte;Estrela do Norte;3515301_Estrela do Norte;;;;
3515350;DRS 11 - Presidente Prudente;Euclides da Cunha Paulista;Euclides da Cunha Paulista;3515350_Euclides da Cunha Paulista;;;;
3515400;DRS 06 - Bauru;Fartura;Fartura;3515400_Fartura;;;;
3515608;DRS 15 - São José do Rio Preto;Fernando Prestes;Fernando Prestes;3515608_Fernando Prestes;;;;
3515509;DRS 15 - São José do Rio Preto;Fernandopolis;Fernandópolis;3515509_Fernandópolis;;;;
3515657;DRS 09 - Marília;Fernao;Fernão;3515657_Fernão;;;;
3515707;DRS 01 - Grande São Paulo;Ferraz de Vasconcelos;Ferraz de Vasconcelos;3515707_Ferraz de Vasconcelos;;;;
3515806;DRS 11 - Presidente Prudente;Flora Rica;Flora Rica;3515806_Flora Rica;;;;
3515905;DRS 15 - São José do Rio Preto;Floreal;Floreal;3515905_Floreal;;;;
3516002;DRS 09 - Marília;Florida Paulista;Flórida Paulista;3516002_Flórida Paulista;;;;
3516101;DRS 09 - Marília;Florinea;Florínea;3516101_Florínea;;;;
3516200;DRS 08 - Franca;Franca;Franca;3516200_Franca;;;;
3516309;DRS 01 - Grande São Paulo;Francisco Morato;Francisco Morato;3516309_Francisco Morato;;;;
3516408;DRS 01 - Grande São Paulo;Franco da Rocha;Franco da Rocha;3516408_Franco da Rocha;;;;
3516507;DRS 02 - Araçatuba;Gabriel Monteiro;Gabriel Monteiro;3516507_Gabriel Monteiro;;;;
3516606;DRS 09 - Marília;Galia;Gália;3516606_Gália;;;;
3516705;DRS 09 - Marília;Garca;Garça;3516705_Garça;;;;
3516804;DRS 15 - São José do Rio Preto;Gastao Vidigal;Gastão Vidigal;3516804_Gastão Vidigal;;;;
3516853;DRS 03 - Araraquara;Gaviao Peixoto;Gavião Peixoto;3516853_Gavião Peixoto;;;;
3516903;DRS 15 - São José do Rio Preto;General Salgado;General Salgado;3516903_General Salgado;;;;
3517000;DRS 06 - Bauru;Getulina;Getulina;3517000_Getulina;;;;
3517109;DRS 02 - Araçatuba;Glicerio;Glicério;3517109_Glicério;;;;
3517208;DRS 06 - Bauru;Guaicara;Guaiçara;3517208_Guaiçara;;;;
3517307;DRS 09 - Marília;Guaimbe;Guaimbê;3517307_Guaimbê;;;;
3517406;DRS 05 - Barretos;Guaira;Guaíra;3517406_Guaíra;;;;
3517505;DRS 15 - São José do Rio Preto;Guapiacu;Guapiaçu;3517505_Guapiaçu;;;;
3517604;DRS 16 - Sorocaba;Guapiara;Guapiara;3517604_Guapiara;;;;
3517703;DRS 08 - Franca;Guara;Guará;3517703_Guará;;;;
3517802;DRS 02 - Araçatuba;Guaracai;Guaraçaí;3517802_Guaraçaí;;;;
3517901;DRS 05 - Barretos;Guaraci;Guaraci;3517901_Guaraci;;;;
3518008;DRS 15 - São José do Rio Preto;Guarani d'Oeste;Guarani d'Oeste;3518008_Guarani d'Oeste;;;;
3518107;DRS 09 - Marília;Guaranta;Guarantã;3518107_Guarantã;;;;
3518206;DRS 02 - Araçatuba;Guararapes;Guararapes;3518206_Guararapes;;;;
3518305;DRS 01 - Grande São Paulo;Guararema;Guararema;3518305_Guararema;;;;
3518404;DRS 17 - Taubaté;Guaratingueta;Guaratinguetá;3518404_Guaratinguetá;;;;
3518503;DRS 16 - Sorocaba;Guarei;Guareí;3518503_Guareí;;;;
3518602;DRS 13 - Ribeirão Preto;Guariba;Guariba;3518602_Guariba;;;;
3518701;DRS 04 - Baixada Santista;Guaruja;Guarujá;3518701_Guarujá;;;;
3518800;DRS 01 - Grande São Paulo;Guarulhos;Guarulhos;3518800_Guarulhos;;;;
3518859;DRS 13 - Ribeirão Preto;Guatapara;Guatapará;3518859_Guatapará;;;;
3518909;DRS 02 - Araçatuba;Guzolandia;Guzolândia;3518909_Guzolândia;;;;
3519006;DRS 09 - Marília;Herculandia;Herculândia;3519006_Herculândia;;;;
3519055;DRS 07 - Campinas;Holambra;Holambra;3519055_Holambra;;;;
3519071;DRS 07 - Campinas;Hortolandia;Hortolândia;3519071_Hortolândia;;;;
3519105;DRS 06 - Bauru;Iacanga;Iacanga;3519105_Iacanga;;;;
3519204;DRS 09 - Marília;Iacri;Iacri;3519204_Iacri;;;;
3519253;DRS 06 - Bauru;Iaras;Iaras;3519253_Iaras;;;;
3519303;DRS 03 - Araraquara;Ibate;Ibaté;3519303_Ibaté;;;;
3519402;DRS 15 - São José do Rio Preto;Ibira;Ibirá;3519402_Ibirá;;;;
3519501;DRS 09 - Marília;Ibirarema;Ibirarema;3519501_Ibirarema;;;;
3519600;DRS 03 - Araraquara;Ibitinga;Ibitinga;3519600_Ibitinga;;;;
3519709;DRS 16 - Sorocaba;Ibiuna;Ibiúna;3519709_Ibiúna;;;;
3519808;DRS 15 - São José do Rio Preto;Icem;Icém;3519808_Icém;;;;
3519907;DRS 11 - Presidente Prudente;Iepe;Iepê;3519907_Iepê;;;;
3520004;DRS 06 - Bauru;Igaracu do Tiete;Igaraçu do Tietê;3520004_Igaraçu do Tietê;;;;
3520103;DRS 08 - Franca;Igarapava;Igarapava;3520103_Igarapava;;;;
3520202;DRS 17 - Taubaté;Igarata;Igaratá;3520202_Igaratá;;;;
3520301;DRS 12 - Registro;Iguape;Iguape;3520301_Iguape;;;;
3520426;DRS 12 - Registro;Ilha Comprida;Ilha Comprida;3520426_Ilha Comprida;;;;
3520442;DRS 02 - Araçatuba;Ilha Solteira;Ilha Solteira;3520442_Ilha Solteira;;;;
3520400;DRS 17 - Taubaté;Ilhabela;Ilhabela;3520400_Ilhabela;;;;
3520509;DRS 07 - Campinas;Indaiatuba;Indaiatuba;3520509_Indaiatuba;;;;
3520608;DRS 11 - Presidente Prudente;Indiana;Indiana;3520608_Indiana;;;;
3520707;DRS 15 - São José do Rio Preto;Indiapora;Indiaporã;3520707_Indiaporã;;;;
3520806;DRS 09 - Marília;Inubia Paulista;Inúbia Paulista;3520806_Inúbia Paulista;;;;
3520905;DRS 09 - Marília;Ipaussu;Ipaussu;3520905_Ipaussu;;;;
3521002;DRS 16 - Sorocaba;Ipero;Iperó;3521002_Iperó;;;;
3521101;DRS 10 - Piracicaba;Ipeuna;Ipeúna;3521101_Ipeúna;;;;
3521150;DRS 15 - São José do Rio Preto;Ipigua;Ipiguá;3521150_Ipiguá;;;;
3521200;DRS 12 - Registro;Iporanga;Iporanga;3521200_Iporanga;;;;
3521309;DRS 08 - Franca;Ipua;Ipuã;3521309_Ipuã;;;;
3521408;DRS 10 - Piracicaba;Iracemapolis;Iracemápolis;3521408_Iracemápolis;;;;
3521507;DRS 15 - São José do Rio Preto;Irapua;Irapuã;3521507_Irapuã;;;;
3521606;DRS 11 - Presidente Prudente;Irapuru;Irapuru;3521606_Irapuru;;;;
3521705;DRS 16 - Sorocaba;Itabera;Itaberá;3521705_Itaberá;;;;
3521804;DRS 06 - Bauru;Itai;Itaí;3521804_Itaí;;;;
3521903;DRS 15 - São José do Rio Preto;Itajobi;Itajobi;3521903_Itajobi;;;;
3522000;DRS 06 - Bauru;Itaju;Itaju;3522000_Itaju;;;;
3522109;DRS 04 - Baixada Santista;Itanhaem;Itanhaém;3522109_Itanhaém;;;;
3522158;DRS 16 - Sorocaba;Itaoca;Itaoca;3522158_Itaoca;;;;
3522208;DRS 01 - Grande São Paulo;Itapecerica da Serra;Itapecerica da Serra;3522208_Itapecerica da Serra;;;;
3522307;DRS 16 - Sorocaba;Itapetininga;Itapetininga;3522307_Itapetininga;;;;
3522406;DRS 16 - Sorocaba;Itapeva;Itapeva;3522406_Itapeva;;;;
3522505;DRS 01 - Grande São Paulo;Itapevi;Itapevi;3522505_Itapevi;;;;
3522604;DRS 14 - São João da Boa Vista;Itapira;Itapira;3522604_Itapira;;;;
3522653;DRS 16 - Sorocaba;Itapirapua Paulista;Itapirapuã Paulista;3522653_Itapirapuã Paulista;;;;
3522703;DRS 03 - Araraquara;Itapolis;Itápolis;3522703_Itápolis;;;;
3522802;DRS 06 - Bauru;Itaporanga;Itaporanga;3522802_Itaporanga;;;;
3522901;DRS 06 - Bauru;Itapui;Itapuí;3522901_Itapuí;;;;
3523008;DRS 02 - Araçatuba;Itapura;Itapura;3523008_Itapura;;;;
3523107;DRS 01 - Grande São Paulo;Itaquaquecetuba;Itaquaquecetuba;3523107_Itaquaquecetuba;;;;
3523206;DRS 16 - Sorocaba;Itarare;Itararé;3523206_Itararé;;;;
3523305;DRS 12 - Registro;Itariri;Itariri;3523305_Itariri;;;;
3523404;DRS 07 - Campinas;Itatiba;Itatiba;3523404_Itatiba;;;;
3523503;DRS 06 - Bauru;Itatinga;Itatinga;3523503_Itatinga;;;;
3523602;DRS 10 - Piracicaba;Itirapina;Itirapina;3523602_Itirapina;;;;
3523701;DRS 08 - Franca;Itirapua;Itirapuã;3523701_Itirapuã;;;;
3523800;DRS 14 - São João da Boa Vista;Itobi;Itobi;3523800_Itobi;;;;
3523909;DRS 16 - Sorocaba;Itu;Itu;3523909_Itu;;;;
3524006;DRS 07 - Campinas;Itupeva;Itupeva;3524006_Itupeva;;;;
3524105;DRS 08 - Franca;Ituverava;Ituverava;3524105_Ituverava;;;;
3524204;DRS 05 - Barretos;Jaborandi;Jaborandi;3524204_Jaborandi;;;;
3524303;DRS 13 - Ribeirão Preto;Jaboticabal;Jaboticabal;3524303_Jaboticabal;;;;
3524402;DRS 17 - Taubaté;Jacarei;Jacareí;3524402_Jacareí;;;;
3524501;DRS 15 - São José do Rio Preto;Jaci;Jaci;3524501_Jaci;;;;
3524600;DRS 12 - Registro;Jacupiranga;Jacupiranga;3524600_Jacupiranga;;;;
3524709;DRS 07 - Campinas;Jaguariuna;Jaguariúna;3524709_Jaguariúna;;;;
3524808;DRS 15 - São José do Rio Preto;Jales;Jales;3524808_Jales;;;;
3524907;DRS 17 - Taubaté;Jambeiro;Jambeiro;3524907_Jambeiro;;;;
3525003;DRS 01 - Grande São Paulo;Jandira;Jandira;3525003_Jandira;;;;
3525102;DRS 13 - Ribeirão Preto;Jardinopolis;Jardinópolis;3525102_Jardinópolis;;;;
3525201;DRS 07 - Campinas;Jarinu;Jarinu;3525201_Jarinu;;;;
3525300;DRS 06 - Bauru;Jau;Jaú;3525300_Jaú;;;;
3525409;DRS 08 - Franca;Jeriquara;Jeriquara;3525409_Jeriquara;;;;
3525508;DRS 07 - Campinas;Joanopolis;Joanópolis;3525508_Joanópolis;;;;
3525607;DRS 11 - Presidente Prudente;Joao Ramalho;João Ramalho;3525607_João Ramalho;;;;
3525706;DRS 15 - São José do Rio Preto;Jose Bonifacio;José Bonifácio;3525706_José Bonifácio;;;;
3525805;DRS 09 - Marília;Julio Mesquita;Júlio Mesquita;3525805_Júlio Mesquita;;;;
3525854;DRS 16 - Sorocaba;Jumirim;Jumirim;3525854_Jumirim;;;;
3525904;DRS 07 - Campinas;Jundiai;Jundiaí;3525904_Jundiaí;;;;
3526001;DRS 11 - Presidente Prudente;Junqueiropolis;Junqueirópolis;3526001_Junqueirópolis;;;;
3526100;DRS 12 - Registro;Juquia;Juquiá;3526100_Juquiá;;;;
3526209;DRS 01 - Grande São Paulo;Juquitiba;Juquitiba;3526209_Juquitiba;;;;
3526308;DRS 17 - Taubaté;Lagoinha;Lagoinha;3526308_Lagoinha;;;;
3526407;DRS 06 - Bauru;Laranjal Paulista;Laranjal Paulista;3526407_Laranjal Paulista;;;;
3526506;DRS 02 - Araçatuba;Lavinia;Lavínia;3526506_Lavínia;;;;
3526605;DRS 17 - Taubaté;Lavrinhas;Lavrinhas;3526605_Lavrinhas;;;;
3526704;DRS 10 - Piracicaba;Leme;Leme;3526704_Leme;;;;
3526803;DRS 06 - Bauru;Lencois Paulista;Lençóis Paulista;3526803_Lençóis Paulista;;;;
3526902;DRS 10 - Piracicaba;Limeira;Limeira;3526902_Limeira;;;;
3527009;DRS 07 - Campinas;Lindoia;Lindóia;3527009_Lindóia;;;;
3527108;DRS 06 - Bauru;Lins;Lins;3527108_Lins;;;;
3527207;DRS 17 - Taubaté;Lorena;Lorena;3527207_Lorena;;;;
3527256;DRS 02 - Araçatuba;Lourdes;Lourdes;3527256_Lourdes;;;;
3527306;DRS 07 - Campinas;Louveira;Louveira;3527306_Louveira;;;;
3527405;DRS 09 - Marília;Lucelia;Lucélia;3527405_Lucélia;;;;
3527504;DRS 06 - Bauru;Lucianopolis;Lucianópolis;3527504_Lucianópolis;;;;
3527603;DRS 13 - Ribeirão Preto;Luis Antonio;Luís Antônio;3527603_Luís Antônio;;;;
3527702;DRS 02 - Araçatuba;Luiziania;Luiziânia;3527702_Luiziânia;;;;
3527801;DRS 09 - Marília;Lupercio;Lupércio;3527801_Lupércio;;;;
3527900;DRS 09 - Marília;Lutecia;Lutécia;3527900_Lutécia;;;;
3528007;DRS 06 - Bauru;Macatuba;Macatuba;3528007_Macatuba;;;;
3528106;DRS 15 - São José do Rio Preto;Macaubal;Macaubal;3528106_Macaubal;;;;
3528205;DRS 15 - São José do Rio Preto;Macedonia;Macedônia;3528205_Macedônia;;;;
3528304;DRS 15 - São José do Rio Preto;Magda;Magda;3528304_Magda;;;;
3528403;DRS 16 - Sorocaba;Mairinque;Mairinque;3528403_Mairinque;;;;
3528502;DRS 01 - Grande São Paulo;Mairipora;Mairiporã;3528502_Mairiporã;;;;
3528601;DRS 06 - Bauru;Manduri;Manduri;3528601_Manduri;;;;
3528700;DRS 11 - Presidente Prudente;Maraba Paulista;Marabá Paulista;3528700_Marabá Paulista;;;;
3528809;DRS 09 - Marília;Maracai;Maracaí;3528809_Maracaí;;;;
3528858;DRS 15 - São José do Rio Preto;Marapoama;Marapoama;3528858_Marapoama;;;;
3528908;DRS 09 - Marília;Mariapolis;Mariápolis;3528908_Mariápolis;;;;
3529005;DRS 09 - Marília;Marilia;Marília;3529005_Marília;;;;
3529104;DRS 15 - São José do Rio Preto;Marinopolis;Marinópolis;3529104_Marinópolis;;;;
3529203;DRS 11 - Presidente Prudente;Martinopolis;Martinópolis;3529203_Martinópolis;;;;
3529302;DRS 03 - Araraquara;Matao;Matão;3529302_Matão;;;;
3529401;DRS 01 - Grande São Paulo;Maua;Mauá;3529401_Mauá;;;;
3529500;DRS 15 - São José do Rio Preto;Mendonca;Mendonça;3529500_Mendonça;;;;
3529609;DRS 15 - São José do Rio Preto;Meridiano;Meridiano;3529609_Meridiano;;;;
3529658;DRS 15 - São José do Rio Preto;Mesopolis;Mesópolis;3529658_Mesópolis;;;;
3529708;DRS 08 - Franca;Miguelopolis;Miguelópolis;3529708_Miguelópolis;;;;
3529807;DRS 06 - Bauru;Mineiros do Tiete;Mineiros do Tietê;3529807_Mineiros do Tietê;;;;
3530003;DRS 15 - São José do Rio Preto;Mira Estrela;Mira Estrela;3530003_Mira Estrela;;;;
3529906;DRS 12 - Registro;Miracatu;Miracatu;3529906_Miracatu;;;;
3530102;DRS 02 - Araçatuba;Mirandopolis;Mirandópolis;3530102_Mirandópolis;;;;
3530201;DRS 11 - Presidente Prudente;Mirante do Paranapanema;Mirante do Paranapanema;3530201_Mirante do Paranapanema;;;;
3530300;DRS 15 - São José do Rio Preto;Mirassol;Mirassol;3530300_Mirassol;;;;
3530409;DRS 15 - São José do Rio Preto;Mirassolandia;Mirassolândia;3530409_Mirassolândia;;;;
3530508;DRS 14 - São João da Boa Vista;Mococa;Mococa;3530508_Mococa;;;;
3530607;DRS 01 - Grande São Paulo;Mogi das Cruzes;Mogi das Cruzes;3530607_Mogi das Cruzes;;;;
3530706;DRS 14 - São João da Boa Vista;Mogi Guacu;Mogi Guaçu;3530706_Mogi Guaçu;;;;
3530805;DRS 14 - São João da Boa Vista;Mogi Mirim;Mogi Mirim;3530805_Mogi Mirim;;;;
3530904;DRS 10 - Piracicaba;Mombuca;Mombuca;3530904_Mombuca;;;;
3531001;DRS 15 - São José do Rio Preto;Moncoes;Monções;3531001_Monções;;;;
3531100;DRS 04 - Baixada Santista;Mongagua;Mongaguá;3531100_Mongaguá;;;;
3531209;DRS 07 - Campinas;Monte Alegre do Sul;Monte Alegre do Sul;3531209_Monte Alegre do Sul;;;;
3531308;DRS 13 - Ribeirão Preto;Monte Alto;Monte Alto;3531308_Monte Alto;;;;
3531407;DRS 15 - São José do Rio Preto;Monte Aprazivel;Monte Aprazível;3531407_Monte Aprazível;;;;
3531506;DRS 05 - Barretos;Monte Azul Paulista;Monte Azul Paulista;3531506_Monte Azul Paulista;;;;
3531605;DRS 11 - Presidente Prudente;Monte Castelo;Monte Castelo;3531605_Monte Castelo;;;;
3531803;DRS 07 - Campinas;Monte Mor;Monte Mor;3531803_Monte Mor;;;;
3531704;DRS 17 - Taubaté;Monteiro Lobato;Monteiro Lobato;3531704_Monteiro Lobato;;;;
3531902;DRS 08 - Franca;Morro Agudo;Morro Agudo;3531902_Morro Agudo;;;;
3532009;DRS 07 - Campinas;Morungaba;Morungaba;3532009_Morungaba;;;;
3532058;DRS 03 - Araraquara;Motuca;Motuca;3532058_Motuca;;;;
3532108;DRS 02 - Araçatuba;Murutinga do Sul;Murutinga do Sul;3532108_Murutinga do Sul;;;;
3532157;DRS 11 - Presidente Prudente;Nantes;Nantes;3532157_Nantes;;;;
3532207;DRS 11 - Presidente Prudente;Narandiba;Narandiba;3532207_Narandiba;;;;
3532306;DRS 17 - Taubaté;Natividade da Serra;Natividade da Serra;3532306_Natividade da Serra;;;;
3532405;DRS 07 - Campinas;Nazare Paulista;Nazaré Paulista;3532405_Nazaré Paulista;;;;
3532504;DRS 15 - São José do Rio Preto;Neves Paulista;Neves Paulista;3532504_Neves Paulista;;;;
3532603;DRS 15 - São José do Rio Preto;Nhandeara;Nhandeara;3532603_Nhandeara;;;;
3532702;DRS 15 - São José do Rio Preto;Nipoa;Nipoã;3532702_Nipoã;;;;
3532801;DRS 15 - São José do Rio Preto;Nova Alianca;Nova Aliança;3532801_Nova Aliança;;;;
3532827;DRS 16 - Sorocaba;Nova Campina;Nova Campina;3532827_Nova Campina;;;;
3532843;DRS 15 - São José do Rio Preto;Nova Canaa Paulista;Nova Canaã Paulista;3532843_Nova Canaã Paulista;;;;
3532868;DRS 02 - Araçatuba;Nova Castilho;Nova Castilho;3532868_Nova Castilho;;;;
3532900;DRS 03 - Araraquara;Nova Europa;Nova Europa;3532900_Nova Europa;;;;
3533007;DRS 15 - São José do Rio Preto;Nova Granada;Nova Granada;3533007_Nova Granada;;;;
3533106;DRS 11 - Presidente Prudente;Nova Guataporanga;Nova Guataporanga;3533106_Nova Guataporanga;;;;
3533205;DRS 02 - Araçatuba;Nova Independencia;Nova Independência;3533205_Nova Independência;;;;
3533304;DRS 02 - Araçatuba;Nova Luzitania;Nova Luzitânia;3533304_Nova Luzitânia;;;;
3533403;DRS 07 - Campinas;Nova Odessa;Nova Odessa;3533403_Nova Odessa;;;;
3533254;DRS 15 - São José do Rio Preto;Novais;Novais;3533254_Novais;;;;
3533502;DRS 15 - São José do Rio Preto;Novo Horizonte;Novo Horizonte;3533502_Novo Horizonte;;;;
3533601;DRS 08 - Franca;Nuporanga;Nuporanga;3533601_Nuporanga;;;;
3533700;DRS 09 - Marília;Ocaucu;Ocauçu;3533700_Ocauçu;;;;
3533809;DRS 09 - Marília;Oleo;Óleo;3533809_Óleo;;;;
3533908;DRS 05 - Barretos;Olimpia;Olímpia;3533908_Olímpia;;;;
3534005;DRS 15 - São José do Rio Preto;Onda Verde;Onda Verde;3534005_Onda Verde;;;;
3534104;DRS 09 - Marília;Oriente;Oriente;3534104_Oriente;;;;
3534203;DRS 15 - São José do Rio Preto;Orindiuva;Orindiúva;3534203_Orindiúva;;;;
3534302;DRS 08 - Franca;Orlandia;Orlândia;3534302_Orlândia;;;;
3534401;DRS 01 - Grande São Paulo;Osasco;Osasco;3534401_Osasco;;;;
3534500;DRS 09 - Marília;Oscar Bressane;Oscar Bressane;3534500_Oscar Bressane;;;;
3534609;DRS 09 - Marília;Osvaldo Cruz;Osvaldo Cruz;3534609_Osvaldo Cruz;;;;
3534708;DRS 09 - Marília;Ourinhos;Ourinhos;3534708_Ourinhos;;;;
3534807;DRS 11 - Presidente Prudente;Ouro Verde;Ouro Verde;3534807_Ouro Verde;;;;
3534757;DRS 15 - São José do Rio Preto;Ouroeste;Ouroeste;3534757_Ouroeste;;;;
3534906;DRS 09 - Marília;Pacaembu;Pacaembu;3534906_Pacaembu;;;;
3535002;DRS 15 - São José do Rio Preto;Palestina;Palestina;3535002_Palestina;;;;
3535101;DRS 15 - São José do Rio Preto;Palmares Paulista;Palmares Paulista;3535101_Palmares Paulista;;;;
3535200;DRS 15 - São José do Rio Preto;Palmeira d'Oeste;Palmeira d'Oeste;3535200_Palmeira d'Oeste;;;;
3535309;DRS 09 - Marília;Palmital;Palmital;3535309_Palmital;;;;
3535408;DRS 11 - Presidente Prudente;Panorama;Panorama;3535408_Panorama;;;;
3535507;DRS 09 - Marília;Paraguacu Paulista;Paraguaçu Paulista;3535507_Paraguaçu Paulista;;;;
3535606;DRS 17 - Taubaté;Paraibuna;Paraibuna;3535606_Paraibuna;;;;
3535705;DRS 15 - São José do Rio Preto;Paraiso;Paraíso;3535705_Paraíso;;;;
3535804;DRS 06 - Bauru;Paranapanema;Paranapanema;3535804_Paranapanema;;;;
3535903;DRS 15 - São José do Rio Preto;Paranapua;Paranapuã;3535903_Paranapuã;;;;
3536000;DRS 09 - Marília;Parapua;Parapuã;3536000_Parapuã;;;;
3536109;DRS 06 - Bauru;Pardinho;Pardinho;3536109_Pardinho;;;;
3536208;DRS 12 - Registro;Pariquera Acu;Pariquera-Açu;3536208_Pariquera-Açu;;;;
3536257;DRS 15 - São José do Rio Preto;Parisi;Parisi;3536257_Parisi;;;;
3536307;DRS 08 - Franca;Patrocinio Paulista;Patrocínio Paulista;3536307_Patrocínio Paulista;;;;
3536406;DRS 11 - Presidente Prudente;Pauliceia;Paulicéia;3536406_Paulicéia;;;;
3536505;DRS 07 - Campinas;Paulinia;Paulínia;3536505_Paulínia;;;;
3536570;DRS 06 - Bauru;Paulistania;Paulistânia;3536570_Paulistânia;;;;
3536604;DRS 15 - São José do Rio Preto;Paulo de Faria;Paulo de Faria;3536604_Paulo de Faria;;;;
3536703;DRS 06 - Bauru;Pederneiras;Pederneiras;3536703_Pederneiras;;;;
3536802;DRS 07 - Campinas;Pedra Bela;Pedra Bela;3536802_Pedra Bela;;;;
3536901;DRS 15 - São José do Rio Preto;Pedranopolis;Pedranópolis;3536901_Pedranópolis;;;;
3537008;DRS 08 - Franca;Pedregulho;Pedregulho;3537008_Pedregulho;;;;
3537107;DRS 07 - Campinas;Pedreira;Pedreira;3537107_Pedreira;;;;
3537156;DRS 09 - Marília;Pedrinhas Paulista;Pedrinhas Paulista;3537156_Pedrinhas Paulista;;;;
3537206;DRS 12 - Registro;Pedro de Toledo;Pedro de Toledo;3537206_Pedro de Toledo;;;;
3537305;DRS 02 - Araçatuba;Penapolis;Penápolis;3537305_Penápolis;;;;
3537404;DRS 02 - Araçatuba;Pereira Barreto;Pereira Barreto;3537404_Pereira Barreto;;;;
3537503;DRS 06 - Bauru;Pereiras;Pereiras;3537503_Pereiras;;;;
3537602;DRS 04 - Baixada Santista;Peruibe;Peruíbe;3537602_Peruíbe;;;;
3537701;DRS 02 - Araçatuba;Piacatu;Piacatu;3537701_Piacatu;;;;
3537800;DRS 16 - Sorocaba;Piedade;Piedade;3537800_Piedade;;;;
3537909;DRS 16 - Sorocaba;Pilar do Sul;Pilar do Sul;3537909_Pilar do Sul;;;;
3538006;DRS 17 - Taubaté;Pindamonhangaba;Pindamonhangaba;3538006_Pindamonhangaba;;;;
3538105;DRS 15 - São José do Rio Preto;Pindorama;Pindorama;3538105_Pindorama;;;;
3538204;DRS 07 - Campinas;Pinhalzinho;Pinhalzinho;3538204_Pinhalzinho;;;;
3538303;DRS 11 - Presidente Prudente;Piquerobi;Piquerobi;3538303_Piquerobi;;;;
3538501;DRS 17 - Taubaté;Piquete;Piquete;3538501_Piquete;;;;
3538600;DRS 07 - Campinas;Piracaia;Piracaia;3538600_Piracaia;;;;
3538709;DRS 10 - Piracicaba;Piracicaba;Piracicaba;3538709_Piracicaba;;;;
3538808;DRS 06 - Bauru;Piraju;Piraju;3538808_Piraju;;;;
3538907;DRS 06 - Bauru;Pirajui;Pirajuí;3538907_Pirajuí;;;;
3539004;DRS 15 - São José do Rio Preto;Pirangi;Pirangi;3539004_Pirangi;;;;
3539103;DRS 01 - Grande São Paulo;Pirapora do Bom Jesus;Pirapora do Bom Jesus;3539103_Pirapora do Bom Jesus;;;;
3539202;DRS 11 - Presidente Prudente;Pirapozinho;Pirapozinho;3539202_Pirapozinho;;;;
3539301;DRS 10 - Piracicaba;Pirassununga;Pirassununga;3539301_Pirassununga;;;;
3539400;DRS 06 - Bauru;Piratininga;Piratininga;3539400_Piratininga;;;;
3539509;DRS 13 - Ribeirão Preto;Pitangueiras;Pitangueiras;3539509_Pitangueiras;;;;
3539608;DRS 15 - São José do Rio Preto;Planalto;Planalto;3539608_Planalto;;;;
3539707;DRS 09 - Marília;Platina;Platina;3539707_Platina;;;;
3539806;DRS 01 - Grande São Paulo;Poa;Poá;3539806_Poá;;;;
3539905;DRS 15 - São José do Rio Preto;Poloni;Poloni;3539905_Poloni;;;;
3540002;DRS 09 - Marília;Pompeia;Pompéia;3540002_Pompéia;;;;
3540101;DRS 06 - Bauru;Pongai;Pongaí;3540101_Pongaí;;;;
3540200;DRS 13 - Ribeirão Preto;Pontal;Pontal;3540200_Pontal;;;;
3540259;DRS 15 - São José do Rio Preto;Pontalinda;Pontalinda;3540259_Pontalinda;;;;
3540309;DRS 15 - São José do Rio Preto;Pontes Gestal;Pontes Gestal;3540309_Pontes Gestal;;;;
3540408;DRS 15 - São José do Rio Preto;Populina;Populina;3540408_Populina;;;;
3540507;DRS 06 - Bauru;Porangaba;Porangaba;3540507_Porangaba;;;;
3540606;DRS 16 - Sorocaba;Porto Feliz;Porto Feliz;3540606_Porto Feliz;;;;
3540705;DRS 03 - Araraquara;Porto Ferreira;Porto Ferreira;3540705_Porto Ferreira;;;;
3540754;DRS 17 - Taubaté;Potim;Potim;3540754_Potim;;;;
3540804;DRS 15 - São José do Rio Preto;Potirendaba;Potirendaba;3540804_Potirendaba;;;;
3540853;DRS 09 - Marília;Pracinha;Pracinha;3540853_Pracinha;;;;
3540903;DRS 13 - Ribeirão Preto;Pradopolis;Pradópolis;3540903_Pradópolis;;;;
3541000;DRS 04 - Baixada Santista;Praia Grande;Praia Grande;3541000_Praia Grande;;;;
3541059;DRS 06 - Bauru;Pratania;Pratânia;3541059_Pratânia;;;;
3541109;DRS 06 - Bauru;Presidente Alves;Presidente Alves;3541109_Presidente Alves;;;;
3541208;DRS 11 - Presidente Prudente;Presidente Bernardes;Presidente Bernardes;3541208_Presidente Bernardes;;;;
3541307;DRS 11 - Presidente Prudente;Presidente Epitacio;Presidente Epitácio;3541307_Presidente Epitácio;;;;
3541406;DRS 11 - Presidente Prudente;Presidente Prudente;Presidente Prudente;3541406_Presidente Prudente;;;;
3541505;DRS 11 - Presidente Prudente;Presidente Venceslau;Presidente Venceslau;3541505_Presidente Venceslau;;;;
3541604;DRS 06 - Bauru;Promissao;Promissão;3541604_Promissão;;;;
3541653;DRS 16 - Sorocaba;Quadra;Quadra;3541653_Quadra;;;;
3541703;DRS 11 - Presidente Prudente;Quata;Quatá;3541703_Quatá;;;;
3541802;DRS 09 - Marília;Queiroz;Queiroz;3541802_Queiroz;;;;
3541901;DRS 17 - Taubaté;Queluz;Queluz;3541901_Queluz;;;;
3542008;DRS 09 - Marília;Quintana;Quintana;3542008_Quintana;;;;
3542107;DRS 10 - Piracicaba;Rafard;Rafard;3542107_Rafard;;;;
3542206;DRS 11 - Presidente Prudente;Rancharia;Rancharia;3542206_Rancharia;;;;
3542305;DRS 17 - Taubaté;Redencao da Serra;Redenção da Serra;3542305_Redenção da Serra;;;;
3542404;DRS 11 - Presidente Prudente;Regente Feijo;Regente Feijó;3542404_Regente Feijó;;;;
3542503;DRS 06 - Bauru;Reginopolis;Reginópolis;3542503_Reginópolis;;;;
3542602;DRS 12 - Registro;Registro;Registro;3542602_Registro;;;;
3542701;DRS 08 - Franca;Restinga;Restinga;3542701_Restinga;;;;
3542800;DRS 16 - Sorocaba;Ribeira;Ribeira;3542800_Ribeira;;;;
3542909;DRS 03 - Araraquara;Ribeirao Bonito;Ribeirão Bonito;3542909_Ribeirão Bonito;;;;
3543006;DRS 16 - Sorocaba;Ribeirao Branco;Ribeirão Branco;3543006_Ribeirão Branco;;;;
3543105;DRS 08 - Franca;Ribeirao Corrente;Ribeirão Corrente;3543105_Ribeirão Corrente;;;;
3543204;DRS 09 - Marília;Ribeirao do Sul;Ribeirão do Sul;3543204_Ribeirão do Sul;;;;
3543238;DRS 11 - Presidente Prudente;Ribeirao dos Indios;Ribeirão dos Índios;3543238_Ribeirão dos Índios;;;;
3543253;DRS 16 - Sorocaba;Ribeirao Grande;Ribeirão Grande;3543253_Ribeirão Grande;;;;
3543303;DRS 01 - Grande São Paulo;Ribeirao Pires;Ribeirão Pires;3543303_Ribeirão Pires;;;;
3543402;DRS 13 - Ribeirão Preto;Ribeirao Preto;Ribeirão Preto;3543402_Ribeirão Preto;;;;
3543600;DRS 08 - Franca;Rifaina;Rifaina;3543600_Rifaina;;;;
3543709;DRS 03 - Araraquara;Rincao;Rincão;3543709_Rincão;;;;
3543808;DRS 09 - Marília;Rinopolis;Rinópolis;3543808_Rinópolis;;;;
3543907;DRS 10 - Piracicaba;Rio Claro;Rio Claro;3543907_Rio Claro;;;;
3544004;DRS 10 - Piracicaba;Rio das Pedras;Rio das Pedras;3544004_Rio das Pedras;;;;
3544103;DRS 01 - Grande São Paulo;Rio Grande da Serra;Rio Grande da Serra;3544103_Rio Grande da Serra;;;;
3544202;DRS 15 - São José do Rio Preto;Riolandia;Riolândia;3544202_Riolândia;;;;
3543501;DRS 16 - Sorocaba;Riversul;Riversul;3543501_Riversul;;;;
3544251;DRS 11 - Presidente Prudente;Rosana;Rosana;3544251_Rosana;;;;
3544301;DRS 17 - Taubaté;Roseira;Roseira;3544301_Roseira;;;;
3544400;DRS 02 - Araçatuba;Rubiacea;Rubiácea;3544400_Rubiácea;;;;
3544509;DRS 15 - São José do Rio Preto;Rubineia;Rubinéia;3544509_Rubinéia;;;;
3544608;DRS 06 - Bauru;Sabino;Sabino;3544608_Sabino;;;;
3544707;DRS 09 - Marília;Sagres;Sagres;3544707_Sagres;;;;
3544806;DRS 15 - São José do Rio Preto;Sales;Sales;3544806_Sales;;;;
3544905;DRS 08 - Franca;Sales Oliveira;Sales Oliveira;3544905_Sales Oliveira;;;;
3545001;DRS 01 - Grande São Paulo;Salesopolis;Salesópolis;3545001_Salesópolis;;;;
3545100;DRS 09 - Marília;Salmourao;Salmourão;3545100_Salmourão;;;;
3545159;DRS 10 - Piracicaba;Saltinho;Saltinho;3545159_Saltinho;;;;
3545209;DRS 16 - Sorocaba;Salto;Salto;3545209_Salto;;;;
3545308;DRS 16 - Sorocaba;Salto de Pirapora;Salto de Pirapora;3545308_Salto de Pirapora;;;;
3545407;DRS 09 - Marília;Salto Grande;Salto Grande;3545407_Salto Grande;;;;
3545506;DRS 11 - Presidente Prudente;Sandovalina;Sandovalina;3545506_Sandovalina;;;;
3545605;DRS 15 - São José do Rio Preto;Santa Adelia;Santa Adélia;3545605_Santa Adélia;;;;
3545704;DRS 15 - São José do Rio Preto;Santa Albertina;Santa Albertina;3545704_Santa Albertina;;;;
3545803;DRS 07 - Campinas;Santa Barbara d'Oeste;Santa Bárbara d'Oeste;3545803_Santa Bárbara d'Oeste;;;;
3546009;DRS 17 - Taubaté;Santa Branca;Santa Branca;3546009_Santa Branca;;;;
3546108;DRS 15 - São José do Rio Preto;Santa Clara d'Oeste;Santa Clara d'Oeste;3546108_Santa Clara d'Oeste;;;;
3546207;DRS 10 - Piracicaba;Santa Cruz da Conceicao;Santa Cruz da Conceição;3546207_Santa Cruz da Conceição;;;;
3546256;DRS 13 - Ribeirão Preto;Santa Cruz da Esperanca;Santa Cruz da Esperança;3546256_Santa Cruz da Esperança;;;;
3546306;DRS 14 - São João da Boa Vista;Santa Cruz das Palmeiras;Santa Cruz das Palmeiras;3546306_Santa Cruz das Palmeiras;;;;
3546405;DRS 09 - Marília;Santa Cruz do Rio Pardo;Santa Cruz do Rio Pardo;3546405_Santa Cruz do Rio Pardo;;;;
3546504;DRS 03 - Araraquara;Santa Ernestina;Santa Ernestina;3546504_Santa Ernestina;;;;
3546603;DRS 15 - São José do Rio Preto;Santa Fe do Sul;Santa Fé do Sul;3546603_Santa Fé do Sul;;;;
3546702;DRS 10 - Piracicaba;Santa Gertrudes;Santa Gertrudes;3546702_Santa Gertrudes;;;;
3546801;DRS 01 - Grande São Paulo;Santa Isabel;Santa Isabel;3546801_Santa Isabel;;;;
3546900;DRS 03 - Araraquara;Santa Lucia;Santa Lúcia;3546900_Santa Lúcia;;;;
3547007;DRS 10 - Piracicaba;Santa Maria da Serra;Santa Maria da Serra;3547007_Santa Maria da Serra;;;;
3547106;DRS 11 - Presidente Prudente;Santa Mercedes;Santa Mercedes;3547106_Santa Mercedes;;;;
3547403;DRS 15 - São José do Rio Preto;Santa Rita d'Oeste;Santa Rita d'Oeste;3547403_Santa Rita d'Oeste;;;;
3547502;DRS 13 - Ribeirão Preto;Santa Rita do Passa Quatro;Santa Rita do Passa Quatro;3547502_Santa Rita do Passa Quatro;;;;
3547601;DRS 13 - Ribeirão Preto;Santa Rosa de Viterbo;Santa Rosa de Viterbo;3547601_Santa Rosa de Viterbo;;;;
3547650;DRS 15 - São José do Rio Preto;Santa Salete;Santa Salete;3547650_Santa Salete;;;;
3547205;DRS 15 - São José do Rio Preto;Santana da Ponte Pensa;Santana da Ponte Pensa;3547205_Santana da Ponte Pensa;;;;
3547304;DRS 01 - Grande São Paulo;Santana de Parnaiba;Santana de Parnaíba;3547304_Santana de Parnaíba;;;;
3547700;DRS 11 - Presidente Prudente;Santo Anastacio;Santo Anastácio;3547700_Santo Anastácio;;;;
3547809;DRS 01 - Grande São Paulo;Santo Andre;Santo André;3547809_Santo André;;;;
3547908;DRS 13 - Ribeirão Preto;Santo Antonio da Alegria;Santo Antônio da Alegria;3547908_Santo Antônio da Alegria;;;;
3548005;DRS 07 - Campinas;Santo Antonio de Posse;Santo Antônio de Posse;3548005_Santo Antônio de Posse;;;;
3548054;DRS 02 - Araçatuba;Santo Antonio do Aracangua;Santo Antônio do Aracanguá;3548054_Santo Antônio do Aracanguá;;;;
3548104;DRS 14 - São João da Boa Vista;Santo Antonio do Jardim;Santo Antônio do Jardim;3548104_Santo Antônio do Jardim;;;;
3548203;DRS 17 - Taubaté;Santo Antonio do Pinhal;Santo Antônio do Pinhal;3548203_Santo Antônio do Pinhal;;;;
3548302;DRS 11 - Presidente Prudente;Santo Expedito;Santo Expedito;3548302_Santo Expedito;;;;
3548401;DRS 02 - Araçatuba;Santopolis do Aguapei;Santópolis do Aguapeí;3548401_Santópolis do Aguapeí;;;;
3548500;DRS 04 - Baixada Santista;Santos;Santos;3548500_Santos;;;;
3548609;DRS 17 - Taubaté;Sao Bento do Sapucai;São Bento do Sapucaí;3548609_São Bento do Sapucaí;;;;
3548708;DRS 01 - Grande São Paulo;Sao Bernardo do Campo;São Bernardo do Campo;3548708_São Bernardo do Campo;;;;
3548807;DRS 01 - Grande São Paulo;Sao Caetano do Sul;São Caetano do Sul;3548807_São Caetano do Sul;;;;
3548906;DRS 03 - Araraquara;Sao Carlos;São Carlos;3548906_São Carlos;;;;
3549003;DRS 15 - São José do Rio Preto;Sao Francisco;São Francisco;3549003_São Francisco;;;;
3549102;DRS 14 - São João da Boa Vista;Sao Joao da Boa Vista;São João da Boa Vista;3549102_São João da Boa Vista;;;;
3549201;DRS 15 - São José do Rio Preto;Sao Joao das Duas Pontes;São João das Duas Pontes;3549201_São João das Duas Pontes;;;;
3549250;DRS 15 - São José do Rio Preto;Sao Joao de Iracema;São João de Iracema;3549250_São João de Iracema;;;;
3549300;DRS 11 - Presidente Prudente;Sao Joao do Pau d'Alho;São João do Pau d'Alho;3549300_São João do Pau d'Alho;;;;
3549409;DRS 08 - Franca;Sao Joaquim da Barra;São Joaquim da Barra;3549409_São Joaquim da Barra;;;;
3549508;DRS 08 - Franca;Sao Jose da Bela Vista;São José da Bela Vista;3549508_São José da Bela Vista;;;;
3549607;DRS 17 - Taubaté;Sao Jose do Barreiro;São José do Barreiro;3549607_São José do Barreiro;;;;
3549706;DRS 14 - São João da Boa Vista;Sao Jose do Rio Pardo;São José do Rio Pardo;3549706_São José do Rio Pardo;;;;
3549805;DRS 15 - São José do Rio Preto;Sao Jose do Rio Preto;São José do Rio Preto;3549805_São José do Rio Preto;;;;
3549904;DRS 17 - Taubaté;Sao Jose dos Campos;São José dos Campos;3549904_São José dos Campos;;;;
3549953;DRS 01 - Grande São Paulo;Sao Lourenco da Serra;São Lourenço da Serra;3549953_São Lourenço da Serra;;;;
3550001;DRS 17 - Taubaté;Sao Luiz do Paraitinga;São Luiz do Paraitinga;3550001_São Luiz do Paraitinga;;;;
3550100;DRS 06 - Bauru;Sao Manuel;São Manuel;3550100_São Manuel;;;;
3550209;DRS 16 - Sorocaba;Sao Miguel Arcanjo;São Miguel Arcanjo;3550209_São Miguel Arcanjo;;;;
3550308;DRS 01 - Grande São Paulo;Sao Paulo;São Paulo;3550308_São Paulo;;;;
3550407;DRS 10 - Piracicaba;Sao Pedro;São Pedro;3550407_São Pedro;;;;
3550506;DRS 09 - Marília;Sao Pedro do Turvo;São Pedro do Turvo;3550506_São Pedro do Turvo;;;;
3550605;DRS 16 - Sorocaba;Sao Roque;São Roque;3550605_São Roque;;;;
3550704;DRS 17 - Taubaté;Sao Sebastiao;São Sebastião;3550704_São Sebastião;;;;
3550803;DRS 14 - São João da Boa Vista;Sao Sebastiao da Grama;São Sebastião da Grama;3550803_São Sebastião da Grama;;;;
3550902;DRS 13 - Ribeirão Preto;Sao Simao;São Simão;3550902_São Simão;;;;
3551009;DRS 04 - Baixada Santista;Sao Vicente;São Vicente;3551009_São Vicente;;;;
3551108;DRS 16 - Sorocaba;Sarapui;Sarapuí;3551108_Sarapuí;;;;
3551207;DRS 06 - Bauru;Sarutaia;Sarutaiá;3551207_Sarutaiá;;;;
3551306;DRS 15 - São José do Rio Preto;Sebastianopolis do Sul;Sebastianópolis do Sul;3551306_Sebastianópolis do Sul;;;;
3551405;DRS 13 - Ribeirão Preto;Serra Azul;Serra Azul;3551405_Serra Azul;;;;
3551603;DRS 07 - Campinas;Serra Negra;Serra Negra;3551603_Serra Negra;;;;
3551504;DRS 13 - Ribeirão Preto;Serrana;Serrana;3551504_Serrana;;;;
3551702;DRS 13 - Ribeirão Preto;Sertaozinho;Sertãozinho;3551702_Sertãozinho;;;;
3551801;DRS 12 - Registro;Sete Barras;Sete Barras;3551801_Sete Barras;;;;
3551900;DRS 05 - Barretos;Severinia;Severínia;3551900_Severínia;;;;
3552007;DRS 17 - Taubaté;Silveiras;Silveiras;3552007_Silveiras;;;;
3552106;DRS 07 - Campinas;Socorro;Socorro;3552106_Socorro;;;;
3552205;DRS 16 - Sorocaba;Sorocaba;Sorocaba;3552205_Sorocaba;;;;
3552304;DRS 02 - Araçatuba;Sud Mennucci;Sud Mennucci;3552304_Sud Mennucci;;;;
3552403;DRS 07 - Campinas;Sumare;Sumaré;3552403_Sumaré;;;;
3552551;DRS 02 - Araçatuba;Suzanapolis;Suzanápolis;3552551_Suzanápolis;;;;
3552502;DRS 01 - Grande São Paulo;Suzano;Suzano;3552502_Suzano;;;;
3552601;DRS 15 - São José do Rio Preto;Tabapua;Tabapuã;3552601_Tabapuã;;;;
3552700;DRS 03 - Araraquara;Tabatinga;Tabatinga;3552700_Tabatinga;;;;
3552809;DRS 01 - Grande São Paulo;Taboao da Serra;Taboão da Serra;3552809_Taboão da Serra;;;;
3552908;DRS 11 - Presidente Prudente;Taciba;Taciba;3552908_Taciba;;;;
3553005;DRS 06 - Bauru;Taguai;Taguaí;3553005_Taguaí;;;;
3553104;DRS 05 - Barretos;Taiacu;Taiaçu;3553104_Taiaçu;;;;
3553203;DRS 05 - Barretos;Taiuva;Taiúva;3553203_Taiúva;;;;
3553302;DRS 14 - São João da Boa Vista;Tambau;Tambaú;3553302_Tambaú;;;;
3553401;DRS 15 - São José do Rio Preto;Tanabi;Tanabi;3553401_Tanabi;;;;
3553500;DRS 16 - Sorocaba;Tapirai;Tapiraí;3553500_Tapiraí;;;;
3553609;DRS 14 - São João da Boa Vista;Tapiratiba;Tapiratiba;3553609_Tapiratiba;;;;
3553658;DRS 05 - Barretos;Taquaral;Taquaral;3553658_Taquaral;;;;
3553708;DRS 03 - Araraquara;Taquaritinga;Taquaritinga;3553708_Taquaritinga;;;;
3553807;DRS 06 - Bauru;Taquarituba;Taquarituba;3553807_Taquarituba;;;;
3553856;DRS 16 - Sorocaba;Taquarivai;Taquarivaí;3553856_Taquarivaí;;;;
3553906;DRS 11 - Presidente Prudente;Tarabai;Tarabai;3553906_Tarabai;;;;
3553955;DRS 09 - Marília;Taruma;Tarumã;3553955_Tarumã;;;;
3554003;DRS 16 - Sorocaba;Tatui;Tatuí;3554003_Tatuí;;;;
3554102;DRS 17 - Taubaté;Taubate;Taubaté;3554102_Taubaté;;;;
3554201;DRS 06 - Bauru;Tejupa;Tejupá;3554201_Tejupá;;;;
3554300;DRS 11 - Presidente Prudente;Teodoro Sampaio;Teodoro Sampaio;3554300_Teodoro Sampaio;;;;
3554409;DRS 05 - Barretos;Terra Roxa;Terra Roxa;3554409_Terra Roxa;;;;
3554508;DRS 16 - Sorocaba;Tiete;Tietê;3554508_Tietê;;;;
3554607;DRS 09 - Marília;Timburi;Timburi;3554607_Timburi;;;;
3554656;DRS 06 - Bauru;Torre de Pedra;Torre de Pedra;3554656_Torre de Pedra;;;;
3554706;DRS 06 - Bauru;Torrinha;Torrinha;3554706_Torrinha;;;;
3554755;DRS 03 - Araraquara;Trabiju;Trabiju;3554755_Trabiju;;;;
3554805;DRS 17 - Taubaté;Tremembe;Tremembé;3554805_Tremembé;;;;
3554904;DRS 15 - São José do Rio Preto;Tres Fronteiras;Três Fronteiras;3554904_Três Fronteiras;;;;
3554953;DRS 07 - Campinas;Tuiuti;Tuiuti;3554953_Tuiuti;;;;
3555000;DRS 09 - Marília;Tupa;Tupã;3555000_Tupã;;;;
3555109;DRS 11 - Presidente Prudente;Tupi Paulista;Tupi Paulista;3555109_Tupi Paulista;;;;
3555208;DRS 02 - Araçatuba;Turiuba;Turiúba;3555208_Turiúba;;;;
3555307;DRS 15 - São José do Rio Preto;Turmalina;Turmalina;3555307_Turmalina;;;;
3555356;DRS 15 - São José do Rio Preto;Ubarana;Ubarana;3555356_Ubarana;;;;
3555406;DRS 17 - Taubaté;Ubatuba;Ubatuba;3555406_Ubatuba;;;;
3555505;DRS 09 - Marília;Ubirajara;Ubirajara;3555505_Ubirajara;;;;
3555604;DRS 15 - São José do Rio Preto;Uchoa;Uchoa;3555604_Uchoa;;;;
3555703;DRS 15 - São José do Rio Preto;Uniao Paulista;União Paulista;3555703_União Paulista;;;;
3555802;DRS 15 - São José do Rio Preto;Urania;Urânia;3555802_Urânia;;;;
3555901;DRS 06 - Bauru;Uru;Uru;3555901_Uru;;;;
3556008;DRS 15 - São José do Rio Preto;Urupes;Urupês;3556008_Urupês;;;;
3556107;DRS 15 - São José do Rio Preto;Valentim Gentil;Valentim Gentil;3556107_Valentim Gentil;;;;
3556206;DRS 07 - Campinas;Valinhos;Valinhos;3556206_Valinhos;;;;
3556305;DRS 02 - Araçatuba;Valparaiso;Valparaíso;3556305_Valparaíso;;;;
3556354;DRS 07 - Campinas;Vargem;Vargem;3556354_Vargem;;;;
3556404;DRS 14 - São João da Boa Vista;Vargem Grande do Sul;Vargem Grande do Sul;3556404_Vargem Grande do Sul;;;;
3556453;DRS 01 - Grande São Paulo;Vargem Grande Paulista;Vargem Grande Paulista;3556453_Vargem Grande Paulista;;;;
3556503;DRS 07 - Campinas;Varzea Paulista;Várzea Paulista;3556503_Várzea Paulista;;;;
3556602;DRS 09 - Marília;Vera Cruz;Vera Cruz;3556602_Vera Cruz;;;;
3556701;DRS 07 - Campinas;Vinhedo;Vinhedo;3556701_Vinhedo;;;;
3556800;DRS 05 - Barretos;Viradouro;Viradouro;3556800_Viradouro;;;;
3556909;DRS 05 - Barretos;Vista Alegre do Alto;Vista Alegre do Alto;3556909_Vista Alegre do Alto;;;;
3556958;DRS 15 - São José do Rio Preto;Vitoria Brasil;Vitória Brasil;3556958_Vitória Brasil;;;;
3557006;DRS 16 - Sorocaba;Votorantim;Votorantim;3557006_Votorantim;;;;
3557105;DRS 15 - São José do Rio Preto;Votuporanga;Votuporanga;3557105_Votuporanga;;;;
3557154;DRS 15 - São José do Rio Preto;Zacarias;Zacarias;3557154_Zacarias;;;;
